NOME,QUANT,VL,Data,TIPO
ABEMACICLIBE 50 MG,540,76.12,11/11/2024,MEDICAMENTO
ABIRATERONA 250MG,2520,10.67,11/11/2024,MEDICAMENTO
ABIRATERONA 500MG ,0,165.00,11/11/2024,MEDICAMENTO
ACALABRUTINIBE 100MG,0,783.33,11/11/2024,MEDICAMENTO
ACETATO DE ICATIBANTO 10MG/ML,30,7081.59,11/11/2024,MEDICAMENTO
"ACETATO DE LEUPRORRELINA 3,75MG",0,220.00,11/11/2024,MEDICAMENTO
"ACETATO DE LEUPRORRELINA 7,5MG",2,265.52,11/11/2024,MEDICAMENTO
ACIDO ASCORBICO,1170,0.15,11/11/2024,MEDICAMENTO
ACIDO ACETIL SALICILICO 100MG,4890,0.04,11/11/2024,MEDICAMENTO
ACIDO FOLICO,1790,0.15,11/11/2024,MEDICAMENTO
ACIDOS GRAXOS ESSENCIAIS,45,4.00,11/11/2024,MEDICAMENTO
ACIDO URSODESOXICÓLICO 150MG,1350,1.11,11/11/2024,MEDICAMENTO
ACIDO URSODESOXICOLICO 300MG,6810,1.90,11/11/2024,MEDICAMENTO
ACIDO ZOLEDRÔNICO 5MG/100ML,36,578.34,11/11/2024,MEDICAMENTO
ADALIMUMABE 40 MG,0,504.50,11/11/2024,MEDICAMENTO
ALENDRONATO DE SÓDIO 70 MG,192,0.27,11/11/2024,MEDICAMENTO
AFLIBERCEPTE 40MG,0,3078.65,11/11/2024,MEDICAMENTO
ALFA 1 ANTITRIPSINA HUMANA ,0,826.65,11/11/2024,MEDICAMENTO
ALFA-GLICOSIDASE 50MG,0,1869.54,11/11/2024,MEDICAMENTO
ALFAEPOETINA 4.000UI,276,20.01,11/11/2024,MEDICAMENTO
"ALOGLIPTINA 12,5 MG + METFORMINA 850 MG",900,1.95,11/11/2024,MEDICAMENTO
"ALPINIA ZERUMBET 0,08 SPRAY ",24,439.78,11/11/2024,MEDICAMENTO
ALPRAZOLAM 2 MG,0,0.15,11/11/2024,MEDICAMENTO
AMBRISENTANA 5MG,420,37.72,11/11/2024,MEDICAMENTO
AMBRISENTANA 10MG,270,40.10,11/11/2024,MEDICAMENTO
AMITRIPTILINA 25MG,0,0.10,11/11/2024,MEDICAMENTO
AMILORIDA 5 MG + CLORTALIDONA 25 MG,0,0.08,11/11/2024,MEDICAMENTO
AMIODARONA 200MG,0,0.47,11/11/2024,MEDICAMENTO
"APIXABANA 2,5MG",1500,0.77,11/11/2024,MEDICAMENTO
APIXABANA 5 MG,4980,0.77,11/11/2024,MEDICAMENTO
ARIPIPRAZOL 10MG,0,0.00,11/11/2024,MEDICAMENTO
ARIPIPRAZOL 15MG,0,1.41,11/11/2024,MEDICAMENTO
ARIPIPRAZOL 30MG,1260,13.51,11/11/2024,MEDICAMENTO
ATORVASTATINA 10MG,0,0.13,11/11/2024,MEDICAMENTO
ATORVASTATINA 20MG,0,0.22,11/11/2024,MEDICAMENTO
ATORVASTATINA 40 MG,2580,0.63,11/11/2024,MEDICAMENTO
ARIPIPRAZOL 20MG,0,0.00,11/11/2024,MEDICAMENTO
AZATIOPRINA 50 MG,0,0.62,11/11/2024,MEDICAMENTO
AZACITIDINA 100MG,0,475.00,11/11/2024,MEDICAMENTO
BACLOFENO 10MG,3640,0.11,11/11/2024,MEDICAMENTO
BARICITINIBE 4MG,210,154.32,11/11/2024,MEDICAMENTO
BAMIFILINA 300MG,0,1.06,11/11/2024,MEDICAMENTO
BELIMUMABE 120MG,56,694.74,11/11/2024,MEDICAMENTO
BELIMUMABE 200MG SERINGA,40,1363.35,11/11/2024,MEDICAMENTO
BELIMUMABE 400MG,60,2315.78,11/11/2024,MEDICAMENTO
BENFOTIAMINA 150 MG,0,1.50,11/11/2024,MEDICAMENTO
BENRALIZUMABE 30MG/1ML,11,11464.34,11/11/2024,MEDICAMENTO
BESILATO DE ANLODIPINO 5MG,4170,0.04,11/11/2024,MEDICAMENTO
BETAGALSIDADE 35MG,20,12408.04,11/11/2024,MEDICAMENTO
BEVACIZUMABE 25MG/16ML,0,5482.16,11/11/2024,MEDICAMENTO
BEVACIZUMABE 25MG/4ML,0,1415.89,11/11/2024,MEDICAMENTO
BEZAFIBRATO 200MG,0,0.00,11/11/2024,MEDICAMENTO
BISOPROLOL 5MG,0,0.00,11/11/2024,MEDICAMENTO
"BLINATUMOMABE 38,5MCG",0,10654.04,11/11/2024,MEDICAMENTO
"BORTEZOMIBE 3,5MG",0,0.00,11/11/2024,MEDICAMENTO
BOSENTANA 125MG,0,1.89,11/11/2024,MEDICAMENTO
"BOSENTANA 62,5MG",0,3.95,11/11/2024,MEDICAMENTO
BRENTUXIMABE 50MG,26,14419.54,11/11/2024,MEDICAMENTO
BROMAZEPAM 6MG ,0,0.12,11/11/2024,MEDICAMENTO
"BROMETO DE TIOTROPIO 2,5 MCG + OLODATEROL 2,5 MCG",0,216.77,11/11/2024,MEDICAMENTO
"BROMETO DE UMEDICLINO 62,5 MG + VILANTEROL 25 MG",3,82.89,11/11/2024,MEDICAMENTO
BUPROPIONA 150 MG,2820,0.44,11/11/2024,MEDICAMENTO
"CALCITRIOL 0,25MCG",0,0.00,11/11/2024,MEDICAMENTO
CANABIDIOL 200MG/ML,0,2063.46,11/11/2024,MEDICAMENTO
CANAQUINUMABE 150MG,0,47875.14,11/11/2024,MEDICAMENTO
CARBAMAZEPINA 400MG LIB PROLONGADA,0,0.00,11/11/2024,MEDICAMENTO
CARBONATO DE CÁLCIO 500 MG + VIT D 400 UI,0,0.00,11/11/2024,MEDICAMENTO
CARBONATO DE LITIO 300MG,0,0.36,11/11/2024,MEDICAMENTO
CARFILZOMIBE 60MG,34,4804.29,11/11/2024,MEDICAMENTO
CEMIPLIMABE 350MG/7ML,10,32991.76,11/11/2024,MEDICAMENTO
CERTOLIZUMABE PEGOL 200MG/ML,0,810.97,11/11/2024,MEDICAMENTO
CETOCONAZOL CREME,20,3.30,11/11/2024,MEDICAMENTO
CETUXIMABE 5MG/ML,0,0.00,11/11/2024,MEDICAMENTO
CICLOSPORINA 100 MG,0,3.99,11/11/2024,MEDICAMENTO
CICLOSPORINA 100 MG/ML,0,239.00,11/11/2024,MEDICAMENTO
CICLOSPORINA 50MG,0,2.60,11/11/2024,MEDICAMENTO
CINACALCETE 60MG,0,0.00,11/11/2024,MEDICAMENTO
CIPROTERONA 50MG,900,3.11,11/11/2024,MEDICAMENTO
CLOBAZAM 10MG,2660,1.20,11/11/2024,MEDICAMENTO
CLOBAZAM 20MG,220,1.50,11/11/2024,MEDICAMENTO
"CLONAZEPAM GOTAS 2,5MG/ML",35,2.46,11/11/2024,MEDICAMENTO
CLONAZEPAM 2 MG,0,0.05,11/11/2024,MEDICAMENTO
CITRATO DE TOFACITINIBE 5MG,0,54.54,11/11/2024,MEDICAMENTO
CLOPIDOGREL 75MG,240,0.32,11/11/2024,MEDICAMENTO
CLORIDRATO DE ALECTINIBE 150MG,0,93.75,11/11/2024,MEDICAMENTO
CLORIDRATO DE FEXOFENADINA 180MG,90,1.23,11/11/2024,MEDICAMENTO
CLORIDRATO DE LURASIDONA 80MG,2640,9.57,11/11/2024,MEDICAMENTO
CLORIDRATO DE NEBIVOLOL 5MG,1650,0.55,11/11/2024,MEDICAMENTO
CLORIDRATO DE PROMETAZINA 25MG,0,0.15,11/11/2024,MEDICAMENTO
CLOZAPINA 100MG,0,0.00,11/11/2024,MEDICAMENTO
"COLAGENASE 0,6U/G",0,0.00,11/11/2024,MEDICAMENTO
CRIZOTINIBE 250MG,420,459.98,11/11/2024,MEDICAMENTO
DABIGATRANA 110MG,930,3.35,11/11/2024,MEDICAMENTO
DABIGATRANA 150MG,0,3.25,11/11/2024,MEDICAMENTO
DAPAGLIFLOZINA 10MG,6720,2.27,11/11/2024,MEDICAMENTO
DARATUMUMABE 400MG/20ML,1,6739.01,11/11/2024,MEDICAMENTO
DARATUMUMABE 1800MG/15ML,0,17384.16,11/11/2024,MEDICAMENTO
DAROTULAMIDA 300MG,0,92.15,11/11/2024,MEDICAMENTO
DENOSUMABE 60MG,0,595.01,11/11/2024,MEDICAMENTO
DENOSUMABE 120MG,8,1221.47,11/11/2024,MEDICAMENTO
"DESMOPRESSINA 0,1MG/ML",20,77.00,11/11/2024,MEDICAMENTO
DEUTETRABENAZINA 6 MG,0,222.11,11/11/2024,MEDICAMENTO
"DEXAMETASONA INJETÁVEL BASTÃO 0,7MG",0,0.00,11/11/2024,MEDICAMENTO
DIAZEPAM 10MG,0,0.14,11/11/2024,MEDICAMENTO
DIENOGESTE 2MG,0,0.00,11/11/2024,MEDICAMENTO
DIMETILA 240MG,0,40.00,11/11/2024,MEDICAMENTO
DIOSMINA+HESPERIDINA 900MG+100MG,5070,3.40,11/11/2024,MEDICAMENTO
DIOSMINA+HESPERIDINA 450MG+50MG,0,0.35,11/11/2024,MEDICAMENTO
DIVALPROATO DE SÓDIO 250MG,340,0.98,11/11/2024,MEDICAMENTO
DOBESILATO DE CALCIO 500MG,1680,1.95,11/11/2024,MEDICAMENTO
DULOXETINA 30 MG,0,1.39,11/11/2024,MEDICAMENTO
DULOXETINA 60 MG,750,2.27,11/11/2024,MEDICAMENTO
DUPILUMABE 200MG,0,2784.00,11/11/2024,MEDICAMENTO
DUPILUMABE 300MG,74,3604.00,11/11/2024,MEDICAMENTO
EBASTINA 10MG,180,3.64,11/11/2024,MEDICAMENTO
ELTROMBOPAGUE 25MG,2408,106.00,11/11/2024,MEDICAMENTO
ELTROMBOPAGUE 50MG,0,0.00,11/11/2024,MEDICAMENTO
EDOXABANA 60MG,0,2.35,11/11/2024,MEDICAMENTO
"ESCETAMINA 28MG/ 2 JATOS SPRAY NASAL 0,2 ML",120,83.00,11/11/2024,MEDICAMENTO
EMICIZUMABE 30MG/1ML,0,9948.78,11/11/2024,MEDICAMENTO
EMPAGLIFLOZINA 25 MG,0,5.61,11/11/2024,MEDICAMENTO
EMPAGLIFLOZINA+LINAGLIPTINA 100MG+5MG,600,7.95,11/11/2024,MEDICAMENTO
ENEMA FOSFATO DE SÓDIO,0,0.00,11/11/2024,MEDICAMENTO
ENOXAPARINA 20MG,0,11.85,11/11/2024,MEDICAMENTO
ENOXAPARINA 80MG,0,33.05,11/11/2024,MEDICAMENTO
ENOXAPARINA 40MG,0,19.80,11/11/2024,MEDICAMENTO
ENOXAPARINA 60 MG,0,30.42,11/11/2024,MEDICAMENTO
ENZALUTAMIDA 40MG,960,83.09,11/11/2024,MEDICAMENTO
ERITROPOETINA 10.000UI,0,58.62,11/11/2024,MEDICAMENTO
ESCITALOPRAM 10MG,3930,0.04,11/11/2024,MEDICAMENTO
ESOMEPRAZOL MAGNÉSICO 40 MG,0,1.17,11/11/2024,MEDICAMENTO
ESPIRONOLACTONA 25MG,2400,0.15,11/11/2024,MEDICAMENTO
ETANERCEPTE 50 MG,24,439.00,11/11/2024,MEDICAMENTO
EVOLOCUMABE 140 MG/ML,0,985.96,11/11/2024,MEDICAMENTO
EXEMESTANO 25MG,0,3.86,11/11/2024,MEDICAMENTO
FAMPIRIDA 10MG ,0,18.35,11/11/2024,MEDICAMENTO
FENOFIBRATO 200MG,600,0.65,11/11/2024,MEDICAMENTO
FENOFIBRATO 250MG,1770,2.98,11/11/2024,MEDICAMENTO
FENITOINA 100MG,4750,0.10,11/11/2024,MEDICAMENTO
"FINGOLIMODE 0,5MG",1820,125.00,11/11/2024,MEDICAMENTO
"FLUDROCORTISONA 0,1 MG",0,1.68,11/11/2024,MEDICAMENTO
FLUTICASONA+SALMOTEROL 500MCG+50MCG ,0,102.93,11/11/2024,MEDICAMENTO
FLUVOXAMINA 100MG,1950,1.13,11/11/2024,MEDICAMENTO
FORMOTEROL+ PROPIONATO DE FLUTICASONA 12MCG+250MCG,1200,1.13,11/11/2024,MEDICAMENTO
"FREMANEZUMABE 225MG/1,5ML",0,1963.67,11/11/2024,MEDICAMENTO
GABAPENTINA 300MG,6020,0.28,11/11/2024,MEDICAMENTO
GABAPENTINA 400MG,2190,0.54,11/11/2024,MEDICAMENTO
GALCANEZUMABE 120 MG/ML,0,2099.80,11/11/2024,MEDICAMENTO
GEFITINIBE 250MG,0,74.63,11/11/2024,MEDICAMENTO
GLICLAZIDA 30MG,7200,1.32,11/11/2024,MEDICAMENTO
GLICLAZIDA 60MG,8840,2.82,11/11/2024,MEDICAMENTO
"GLICOSAMINA+COND.1,5G+1,2G",140,1.70,11/11/2024,MEDICAMENTO
GLICOPIRRONEO 50MCG,0,7.54,11/11/2024,MEDICAMENTO
"GOSSERRELINA 10,8MG",4,889.80,11/11/2024,MEDICAMENTO
"GOSSERRELINA 3,6MG",15,454.17,11/11/2024,MEDICAMENTO
GUSELCUMABE,28,9529.98,11/11/2024,MEDICAMENTO
HIDROXICLOROQUINA 400MG,0,1.22,11/11/2024,MEDICAMENTO
HIDROCLOROTIAZIDA 25MG,0,0.04,11/11/2024,MEDICAMENTO
HILANO G-F 20,12,432.39,11/11/2024,MEDICAMENTO
IBANDRONATO DE SODIO 150MG,0,0.00,11/11/2024,MEDICAMENTO
IBRUTINIBE 140MG,0,350.23,11/11/2024,MEDICAMENTO
ILOPROSTA 10 MCG/ML,1500,29.14,11/11/2024,MEDICAMENTO
IMATINIBE 100 MG,60,6.39,11/11/2024,MEDICAMENTO
IMATINIBE 400 MG,180,8.89,11/11/2024,MEDICAMENTO
IMUNOGLOBULINA HUMANA 100MG/ML,51,1649.00,11/11/2024,MEDICAMENTO
"INDAPAMIDA 1,5MG ",0,0.15,11/11/2024,MEDICAMENTO
INIBIDOR DE C1 ESTERASE DERIVADO DE O HUMANO,3,2343.37,11/11/2024,MEDICAMENTO
IPILUMABE 5MG/ML,0,13968.36,11/11/2024,MEDICAMENTO
INFLIXIMABE 100MG/ML,33,1154.00,11/11/2024,MEDICAMENTO
IXEQUIZUMABE 80MG/ML,0,5494.71,11/11/2024,MEDICAMENTO
IVABRADINA 5MG,246,1.42,11/11/2024,MEDICAMENTO
LACOSAMIDA 150 MG,338,11.19,11/11/2024,MEDICAMENTO
LACOSAMIDA 100 MG,540,3.00,11/11/2024,MEDICAMENTO
LACOSAMIDA 50MG,2910,3.00,11/11/2024,MEDICAMENTO
LAMOTRIGINA  100 MG ( MARCA LAMICTAL),0,3.21,11/11/2024,MEDICAMENTO
LAMOTRIGINA 100MG,120,0.21,11/11/2024,MEDICAMENTO
LAMOTRIGINA 25MG,0,0.00,11/11/2024,MEDICAMENTO
LAMOTRIGINA 50 MG,1110,0.24,11/11/2024,MEDICAMENTO
LANADEDUMABE 150MG/ML,0,40142.00,11/11/2024,MEDICAMENTO
LENALIDOMIDA 10MG,63,535.71,11/11/2024,MEDICAMENTO
LENALIDOMIDA 25MG,294,828.00,11/11/2024,MEDICAMENTO
LENVATINIBE 10MG,540,276.75,11/11/2024,MEDICAMENTO
LENVATINIBE 4MG ,360,112.33,11/11/2024,MEDICAMENTO
LEVETIRACETAM 250MG ,0,2.89,11/11/2024,MEDICAMENTO
LEVETIRACETAM 100MG/ML,40,73.75,11/11/2024,MEDICAMENTO
LEVETIRACETAM 750MG,1200,3.80,11/11/2024,MEDICAMENTO
LEVODOPA+BENSERAZIDA 100/25MG,0,0.80,11/11/2024,MEDICAMENTO
LIDOCAINA 2% GEL,275,2.36,11/11/2024,MEDICAMENTO
LINAGLIPTINA 5MG,9392,5.16,11/11/2024,MEDICAMENTO
LIRAGLUTIDA 6MG/ML,0,178.67,11/11/2024,MEDICAMENTO
LISDEXANFETAMINA 30MG,2380,10.58,11/11/2024,MEDICAMENTO
LISDEXANFETAMINA 70MG,0,11.57,11/11/2024,MEDICAMENTO
LOSARTNA POTASSICA ,270,0.08,11/11/2024,MEDICAMENTO
MALEATO DE ENALAPRIL 5MG,4530,0.12,11/11/2024,MEDICAMENTO
MALEATO DE ENALAPRIL 10MG,3880,0.15,11/11/2024,MEDICAMENTO
MEMANTINA 10MG,2100,0.24,11/11/2024,MEDICAMENTO
MEPOLIZUMABE 100MG CANETA ,3,1776.29,11/11/2024,MEDICAMENTO
MESALAZINA 1200 MG,0,7.56,11/11/2024,MEDICAMENTO
MESALAZINA 400MG,1470,0.72,11/11/2024,MEDICAMENTO
MESALAZINA 500MG,3310,1.61,11/11/2024,MEDICAMENTO
MESALAZINA 800MG,2040,0.71,11/11/2024,MEDICAMENTO
METILFENDATO 20 MG LA ,0,5.87,11/11/2024,MEDICAMENTO
METILFENIDRATO 40 MG LA,0,8.34,11/11/2024,MEDICAMENTO
METILFENIDRATO 36MG,690,7.76,11/11/2024,MEDICAMENTO
MICOFELONATO DE MOFETILA 500MG,9360,1.14,11/11/2024,MEDICAMENTO
MICOFELONATO DE SÓDIO 360MG,0,4.72,11/11/2024,MEDICAMENTO
MIGLUSTATE 100MG,0,136.85,11/11/2024,MEDICAMENTO
MODAFINILA 200 MG,0,6.10,11/11/2024,MEDICAMENTO
NATALIZUMABE 300MG/15ML,6,4365.74,11/11/2024,MEDICAMENTO
NINTEDANIBE 150MG,4300,247.02,11/11/2024,MEDICAMENTO
NITRAZEPAM 5MG,1060,0.17,11/11/2024,MEDICAMENTO
"NUSINERSENA 2,4MG",0,297242.83,11/11/2024,MEDICAMENTO
OCRELIZUMABE 300MG/10ML,0,31154.86,11/11/2024,MEDICAMENTO
"OFATUMUMABE 20MG/0,4ML",16,9399.87,11/11/2024,MEDICAMENTO
OLAPARIBE 150MG,1624,205.71,11/11/2024,MEDICAMENTO
OLANZAPINA 10MG,0,0.70,11/11/2024,MEDICAMENTO
OMALIZUMABE 150MG,11,1878.11,11/11/2024,MEDICAMENTO
OSIMERTINBE 80MG,480,0.00,11/11/2024,MEDICAMENTO
OMALIZUMABE 150MG SERINGA 1ML,0,1878.11,11/11/2024,MEDICAMENTO
OXCARBAZEPINA 600MG,0,1.39,11/11/2024,MEDICAMENTO
OXCARBAZEPINA 300MG,4320,0.87,11/11/2024,MEDICAMENTO
OXIBUTININA 5MG,0,1.29,11/11/2024,MEDICAMENTO
OXIBUTININA 120ML,0,47.21,11/11/2024,MEDICAMENTO
PALBOCICLIBE 125MG,0,582.58,11/11/2024,MEDICAMENTO
PANCREATINA 10.000,1050,4.98,11/11/2024,MEDICAMENTO
PANCREATINA 25.000,5400,2.61,11/11/2024,MEDICAMENTO
PONATINIBE 15MG,450,593.33,11/11/2024,MEDICAMENTO
PALIPERIDONA 75MG,34,1176.00,11/11/2024,MEDICAMENTO
PALIPERIDONA 100 MG/ML,0,1278.04,11/11/2024,MEDICAMENTO
PALIPERIDONA 150 MG/ML,13,1481.40,11/11/2024,MEDICAMENTO
PALIPERIDONA 3MG,0,10.31,11/11/2024,MEDICAMENTO
PALIPERIDONA 6MG,0,15.52,11/11/2024,MEDICAMENTO
PALIVIZUMABE 100MGML ,0,2842.33,11/11/2024,MEDICAMENTO
PAROXETINA 10MG,320,1.00,11/11/2024,MEDICAMENTO
PAROXETINA 20MG,0,0.29,11/11/2024,MEDICAMENTO
PAZOPANIBE 400 MG,1020,122.19,11/11/2024,MEDICAMENTO
PEGVISOMANTO 10MG,0,263.39,11/11/2024,MEDICAMENTO
PIRFENIDONA 267MG,6210,29.30,11/11/2024,MEDICAMENTO
PLERIXAFOR 20MG/ML,0,11047.61,11/11/2024,MEDICAMENTO
PRAMIPEXOL 1MG,0,0.91,11/11/2024,MEDICAMENTO
"PRAMIPEXOL 1,5 MG SR",0,4.00,11/11/2024,MEDICAMENTO
PREGABALINA 50 MG,2580,0.63,11/11/2024,MEDICAMENTO
PREGABALINA 75MG ,5982,0.38,11/11/2024,MEDICAMENTO
PREGABALINA 100 MG,1230,0.81,11/11/2024,MEDICAMENTO
PREGABALINA 150MG,870,1.25,11/11/2024,MEDICAMENTO
PEMBROLIZUMABE ,0,15777.00,11/11/2024,MEDICAMENTO
PROMESTRIENO 10MG/G,20,40.26,11/11/2024,MEDICAMENTO
PROPAFENONA 300MG,0,0.51,11/11/2024,MEDICAMENTO
PROPRANOLOL 40MG,5760,0.06,11/11/2024,MEDICAMENTO
PROPILTIOURACILA 100MG,0,0.00,11/11/2024,MEDICAMENTO
QUETIAPINA 300MG XRO,2100,5.29,11/11/2024,MEDICAMENTO
QUETIAPINA 100MG,990,0.52,11/11/2024,MEDICAMENTO
QUETIAPINA 200MG,390,2.36,11/11/2024,MEDICAMENTO
RANIBIZUMABE ,0,2250.00,11/11/2024,MEDICAMENTO
"RIOCIGUATE 0,5MG",0,179.95,11/11/2024,MEDICAMENTO
"RIOCIGUATE 1,0MG",0,179.95,11/11/2024,MEDICAMENTO
"RIOCIGUATE 1,5MG",0,179.95,11/11/2024,MEDICAMENTO
"RIOCIGUATE 2,0MG",0,179.95,11/11/2024,MEDICAMENTO
"RIOCIGUATE 2,5MG",0,179.95,11/11/2024,MEDICAMENTO
"RIZANQUIZUMABE 75MG/0,83ML",14,8750.00,11/11/2024,MEDICAMENTO
"RISDIPLAM 0,75 MG/ML",8,53224.13,11/11/2024,MEDICAMENTO
RISPERIDONA1MG/ML,0,0.00,11/11/2024,MEDICAMENTO
RISPERIDONA 1MG,0,0.10,11/11/2024,MEDICAMENTO
RISPERIDONA 2MG,510,0.09,11/11/2024,MEDICAMENTO
RITUXIMABE 100MG/10ML,18,608.28,11/11/2024,MEDICAMENTO
RITUXIMABE 500MG/50ML,33,1047.00,11/11/2024,MEDICAMENTO
RIVAROXABANA 10MG,0,5.97,11/11/2024,MEDICAMENTO
RIVAROXABANA 15MG,0,0.73,11/11/2024,MEDICAMENTO
RIVAROXABANA 20MG,9120,0.54,11/11/2024,MEDICAMENTO
ROMOSOZUMABE 90MG/ML,0,1514.45,11/11/2024,MEDICAMENTO
ROSUVASTATINA 10 MG,0,0.18,11/11/2024,MEDICAMENTO
RISANQUIZUMABE 75MG,14,12000.00,11/11/2024,MEDICAMENTO
RUXOLITINIBE 5MG,0,179.61,11/11/2024,MEDICAMENTO
RUXOLITINIBE 10MG,0,236.02,11/11/2024,MEDICAMENTO
RUXOLITINIBE 20MG,0,323.79,11/11/2024,MEDICAMENTO
SACUBITRIL+VALSARATANA 50MG,0,3.48,11/11/2024,MEDICAMENTO
SACUBITRIL+VALSARATANA 100MG,0,3.48,11/11/2024,MEDICAMENTO
SACUBITRIL+VALSARTANA 200MG,2580,3.48,11/11/2024,MEDICAMENTO
SECUQUINUMABE 150 MG/ML,23,3506.00,11/11/2024,MEDICAMENTO
SELEGILINA 5MG ,0,0.00,11/11/2024,MEDICAMENTO
SELEXIPAGUE 200MCG,0,152.52,11/11/2024,MEDICAMENTO
"SEMAGLUTIDA  1,5 ML",51,550.00,11/11/2024,MEDICAMENTO
SEMAGLUTIDA  3 ML,38,697.00,11/11/2024,MEDICAMENTO
SERTRALINA 50MG,0,0.21,11/11/2024,MEDICAMENTO
SERTRALINA 100MG,2790,0.45,11/11/2024,MEDICAMENTO
SITAGLIPTINA 100MG,2492,4.62,11/11/2024,MEDICAMENTO
SILDENAFIL 25MG,0,0.35,11/11/2024,MEDICAMENTO
"SOMATROPINA 10MG/1,5ML",79,1210.00,11/11/2024,MEDICAMENTO
SOMATROPINA 12UI,0,87.84,11/11/2024,MEDICAMENTO
SOMATROPINA 36UI/12MG CANETA,0,824.50,11/11/2024,MEDICAMENTO
SUCCINATO DE METROPOLOL 25MG,0,1.89,11/11/2024,MEDICAMENTO
SUCCINATO DE METROPOLOL 50MG,900,2.01,11/11/2024,MEDICAMENTO
SOMATROPINA 4UI,214,22.64,11/11/2024,MEDICAMENTO
SUCCINATO DE DESVENLAFAXINA 50MG,2700,0.00,11/11/2024,MEDICAMENTO
SULFASSALAZINA 500MG,0,0.87,11/11/2024,MEDICAMENTO
SUNITINIBE 50MG,0,570.86,11/11/2024,MEDICAMENTO
TAFAMIDES 20MG,0,601.73,11/11/2024,MEDICAMENTO
"TANSULOSINA 0,4MG",0,0.00,11/11/2024,MEDICAMENTO
TERIFLUNOMIDA 14MG,0,0.00,11/11/2024,MEDICAMENTO
TERIPARATIDA 250 MCG/ML,24,2670.38,11/11/2024,MEDICAMENTO
TIAMINA 300 MG,1680,0.26,11/11/2024,MEDICAMENTO
TIMOMODULINA 20MG/5ML,30,3.98,11/11/2024,MEDICAMENTO
"TIOTROPIO SOLUÇÃO 2,5MCG",255,216.32,11/11/2024,MEDICAMENTO
TIZANIDINA 2MG,570,2.00,11/11/2024,MEDICAMENTO
TOSIILATO DE SORAFENIBE 200MG,280,97.40,11/11/2024,MEDICAMENTO
TOSILATO DE NIRAPARIBE 100MG,280,324.67,11/11/2024,MEDICAMENTO
TOPIRAMATO 100MG,6000,1.23,11/11/2024,MEDICAMENTO
TOPIRAMATO 25MG,4236,0.80,11/11/2024,MEDICAMENTO
TOPIRAMATO 50MG,0,0.20,11/11/2024,MEDICAMENTO
"TOCILIZUMABE 162MG/0,9ML",80,1175.73,11/11/2024,MEDICAMENTO
TRETINOINA 10MG,0,0.00,11/11/2024,MEDICAMENTO
TRIENTINA 250MG,800,198.67,11/11/2024,MEDICAMENTO
TRIMETAZIDINA 35MG,0,1.27,11/11/2024,MEDICAMENTO
USTEQUINUMABE 130MG,9,34443.89,11/11/2024,MEDICAMENTO
USTEQUINUMABE 45MML,36,9654.64,11/11/2024,MEDICAMENTO
USTEQUINUMABE 90MG/ML,0,0.00,11/11/2024,MEDICAMENTO
UPADACITINIBE 15MG,720,69.00,11/11/2024,MEDICAMENTO
VALGANCICLOVIR 450MG,0,101.09,11/11/2024,MEDICAMENTO
VALPROATO DE SODIO 500MG,6450,0.55,11/11/2024,MEDICAMENTO
VALSARTANA 320MG+ANLOD.10MG,0,0.00,11/11/2024,MEDICAMENTO
VEDOLIZUMABE 300MG,17,14336.75,11/11/2024,MEDICAMENTO
VEMURAFENIBE 240 MG,0,132.65,11/11/2024,MEDICAMENTO
VENETOCLAX 100MG,0,0.00,11/11/2024,MEDICAMENTO
VILDAGLIPTINA50MG+METF.850MG,560,3.21,11/11/2024,MEDICAMENTO
VILDAGLIPTINA 50MG,1456,1.51,11/11/2024,MEDICAMENTO
VISMODEGIBE 150MG,0,819.44,11/11/2024,MEDICAMENTO
VORICONAZOL 200MG,714,17.01,11/11/2024,MEDICAMENTO
VORTIOXETINA 10 MG,1380,10.01,11/11/2024,MEDICAMENTO
BIMATOPROSTA,37,77.32,11/11/2024,COLIRIOS
BRINZOLAMIDA  1%,0,45.18,11/11/2024,COLIRIOS
"BRIMONIDINA+TIMOLOL 2%+,05%",22,68.01,11/11/2024,COLIRIOS
DORZOLAMIDA 2%,0,11.06,11/11/2024,COLIRIOS
"DORZOLAMIDA 2% + TIMOLOL 0,5%",8,22.00,11/11/2024,COLIRIOS
"HIALURONATO DE SODIO 0,15%",0,58.00,11/11/2024,COLIRIOS
LATANOPROSTA 50 MCG/ML + TIMOLOL,0,28.80,11/11/2024,COLIRIOS
LATANOPROSTA 50MCG/ML,92,15.50,11/11/2024,COLIRIOS
"TRAVOPROST 0,04MG/ML+TIMOLOL",0,0.00,11/11/2024,COLIRIOS
INSULINA ASPART FRASCO,0,81.82,11/11/2024,INSULINAS
INSULINA ASPARTE CANETA,0,31.20,11/11/2024,INSULINAS
INSULINA ASPARTE REFIL,0,27.80,11/11/2024,INSULINAS
INSULINA DEGLUDECA CANETA,325,93.74,11/11/2024,INSULINAS
INSULINA DEGLUDECA+LIRAGLUTIDA,0,164.09,11/11/2024,INSULINAS
INSULINA DETEMIR CANETA,30,53.71,11/11/2024,INSULINAS
INSULINA DETEMIR REFIL,0,50.69,11/11/2024,INSULINAS
INSULINA GLARGINA CANETA,201,29.70,11/11/2024,INSULINAS
INSULINA GLARGINA FRASCO,214,117.01,11/11/2024,INSULINAS
INSULINA GLARGINA REFIL,199,18.40,11/11/2024,INSULINAS
INSULINA LISPRO FRASCO,229,80.36,11/11/2024,INSULINAS
INSULINA LISPRO REFIL ,450,28.47,11/11/2024,INSULINAS
ACCU CHEK LINK ASSIST ,6,240.75,11/11/2024,INSUMOS PARA DIABETES
"AGULHA PARA CANETA DE INSULINA 0,25X4MM",5130,0.00,11/11/2024,INSUMOS PARA DIABETES
"AGULHA PARA CANETA DE INSULINA 0,25X5MM",1980,0.00,11/11/2024,INSUMOS PARA DIABETES
"AGULHA PARA CANETA DE INSULINA 0,25X6MM",4080,0.00,11/11/2024,INSUMOS PARA DIABETES
"AGULHA PARA CANETA DE INSULINA 0,25X8MM",1657,0.20,11/11/2024,INSUMOS PARA DIABETES
APAR. MEDIDOR DE GLICOSE G TECH,9,50.00,11/11/2024,INSUMOS PARA DIABETES
APAR. MEDIDOR DE GLICOSE (ACCU CHECK PERFORME),0,44.91,11/11/2024,INSUMOS PARA DIABETES
APARELHO MEDIDOR DE GLICOSE ONE TOUCH ULTRA,0,0.00,11/11/2024,INSUMOS PARA DIABETES
APLIC. DO CONJUNTO DE INFUSÃO MMT385 MEDTRONIC,12,240.75,11/11/2024,INSUMOS PARA DIABETES
APLICADOR DO CONJUNTO DE INFUSÃO QUICKSET MMT 305QS,6,105.00,11/11/2024,INSUMOS PARA DIABETES
APLICADOR DO SENSOR DE GLICOSE MMT 7510 MEDITRONIC,0,784.06,11/11/2024,INSUMOS PARA DIABETES
BOMBA DE INFUSÃO DE INSULINA MINIMED 640G MMT 1752,0,16999.00,11/11/2024,INSUMOS PARA DIABETES
BOMBA DE INFUSÃO DE INSULINA MINIMED 780,0,16999.00,11/11/2024,INSUMOS PARA DIABETES
BOMBA DE INSULINA ACCU CHECK COMBO,0,13770.00,11/11/2024,INSUMOS PARA DIABETES
CANETA PARA INSULINA HUMAPEN,0,0.00,11/11/2024,INSUMOS PARA DIABETES
CARELINK USB TRANSMISSÃO DE DADOS MEDITRONIC,0,411.58,11/11/2024,INSUMOS PARA DIABETES
CARELINK USB TRANSMISSÃO DE DADOS BLUE MEDITRONIC,0,411.58,11/11/2024,INSUMOS PARA DIABETES
CARELINK USB TRANSMISSÃO DE DADOS MMT 7306,0,0.00,11/11/2024,INSUMOS PARA DIABETES
CONJUNTO DE INFUSÃO ACCU CHEK 10X60,330,90.08,11/11/2024,INSUMOS PARA DIABETES
CONJUNTO DE INFUSÃO ACCU CHEK 13X60,0,88.55,11/11/2024,INSUMOS PARA DIABETES
CONJUNTO DE INFUSÃO ACCU CHEK 17X60,0,88.55,11/11/2024,INSUMOS PARA DIABETES
CONJUNTO DE INFUSÃO ACCU CHEK 8X60 ,0,89.98,11/11/2024,INSUMOS PARA DIABETES
CONJUNTO DE INFUSÃO QUICKSET MMT 396 MEDTRONIC,340,113.69,11/11/2024,INSUMOS PARA DIABETES
CONJUNTO DE INFUSÃO QUICKSET MMT 397 MEDTRONIC,995,113.69,11/11/2024,INSUMOS PARA DIABETES
CONJUNTO DE INFUSÃO QUICKSET MMT 398 MEDTRONIC,0,113.69,11/11/2024,INSUMOS PARA DIABETES
CONJUNTO DE INFUSÃO QUICKSET MMT 399 MEDTRONIC,45,113.69,11/11/2024,INSUMOS PARA DIABETES
CONJUNTO DE INFUSÃO SILHOUETTE MMT 381 MEDTRONIC,163,113.69,11/11/2024,INSUMOS PARA DIABETES
CONJUNTO DE INFUSÃO SILHOUETTE MMT 382 MEDTRONIC,0,113.69,11/11/2024,INSUMOS PARA DIABETES
DISPOSITIVO PARA INFUSÃO I-PORT ADVANCE MMT 100 6MM,150,59.40,11/11/2024,INSUMOS PARA DIABETES
FITA ACCU CHEK PERFORMA ,0,0.79,11/11/2024,INSUMOS PARA DIABETES
FITA DE GLICEMIA G TECH C/50,25900,0.20,11/11/2024,INSUMOS PARA DIABETES
GLICOSIMETRO PORTATIL C/ TELA FREESTYLE,0,0.00,11/11/2024,INSUMOS PARA DIABETES
LANCETAS,0,0.08,11/11/2024,INSUMOS PARA DIABETES
PACOTE DE SERVIÇOS ACCU CHECK,38,238.00,11/11/2024,INSUMOS PARA DIABETES
"RESERVATÓRIO ACCU CHECK 3,15 ML",0,24.94,11/11/2024,INSUMOS PARA DIABETES
RESERVATÓRIO MMT 332A MEDITRONIC,10449,17.90,11/11/2024,INSUMOS PARA DIABETES
SENSOR 7020,0,370.00,11/11/2024,INSUMOS PARA DIABETES
SENSOR DE GLICOSE ENLITE MMT 7008A,0,370.00,11/11/2024,INSUMOS PARA DIABETES
SENSOR P/ MONITORAMENTO FREESTYLE,44,329.00,11/11/2024,INSUMOS PARA DIABETES
SISTEMA TRANSMISSOR GUARDIAN 7810,0,3018.00,11/11/2024,INSUMOS PARA DIABETES
SISTEMA TRANSMISSOR GUARDIAN LINK 3 ,0,3018.00,11/11/2024,INSUMOS PARA DIABETES
SISTEMA TRANSMISSOR MINILINK MMT7774RA,0,3018.00,11/11/2024,INSUMOS PARA DIABETES
TRANSMISSOR GUARDIAN LINK 3 MMT 7910 W1,0,3260.00,11/11/2024,INSUMOS PARA DIABETES
TIRAS ON CALL PLUS ,0,0.45,11/11/2024,INSUMOS PARA DIABETES
ABS PÓS PARTO E GERIATRICO TAM. ÚNICO,920,0.44,11/11/2024,MATERIAIS
ALGODÃO 250G,30,6.35,11/11/2024,MATERIAIS
APARELHO DE PRESSAO DIGITAL ,6,143.67,11/11/2024,MATERIAIS
ASPIRADOR ELETRICO DE SANGUE,1,345.00,11/11/2024,MATERIAIS
"ATADURA DE CREPOM 20CM X4,5M",0,0.85,11/11/2024,MATERIAIS
ATADURA DE CREPOM 10CM,300,0.82,11/11/2024,MATERIAIS
COLCHÃO PNEUMATICO 90X182 CM,3,384.50,11/11/2024,MATERIAIS
COLETOR DE URINA SISTEMA FECHADO DE PERNA,1935,4.40,11/11/2024,MATERIAIS
COMPRESSA DE GAZE ,1730,0.44,11/11/2024,MATERIAIS
CURATIVO POLIURETANO 20X30,90,287.40,11/11/2024,MATERIAIS
CURATIVO POLIURETANO 15X20,45,152.88,11/11/2024,MATERIAIS
CURATIVO POLIURETANO 20X50,60,500.00,11/11/2024,MATERIAIS
DISPOSITIVO PARA INCONTINENCIA URINARIA Nº5,0,0.99,11/11/2024,MATERIAIS
DISPOSITIVO PARA INCONTINENCIA URINARIA Nº6,0,0.99,11/11/2024,MATERIAIS
"ESPARADRAPO  10X4,5",80,5.00,11/11/2024,MATERIAIS
FIXADOR DE TRAQUEOSTOMIA IMPACTO,0,0.00,11/11/2024,MATERIAIS
FITA MICROPOROSA 50MM X 10M,287,4.63,11/11/2024,MATERIAIS
FRALDA GERIATRICA TAM P,1980,1.12,11/11/2024,MATERIAIS
FRALDA GERIATRICA TAM M,2400,1.14,11/11/2024,MATERIAIS
FRALDA GERIATRICA TAM G,5330,1.12,11/11/2024,MATERIAIS
FRALDA GERIATRICA TAM GG,154,1.14,11/11/2024,MATERIAIS
FRALDA PEDIATRICA G,0,0.50,11/11/2024,MATERIAIS
FRALDA PEDIATRICA SXG,1080,0.50,11/11/2024,MATERIAIS
FRALDA PEDIATRICA XG,180,0.50,11/11/2024,MATERIAIS
FRALDA PEDIATRICA TAM M,480,0.50,11/11/2024,MATERIAIS
FRASCO PARA DIETA ,0,2.25,11/11/2024,MATERIAIS
LUVA DE PROCEDIMENTO TAM G,0,0.25,11/11/2024,MATERIAIS
LUVA DE PROCEDIMENTO TAM P,0,0.25,11/11/2024,MATERIAIS
LUVA DE PROCEDIMENTO TAM M,0,0.27,11/11/2024,MATERIAIS
"LUVA ESTERIL 7,0",300,0.99,11/11/2024,MATERIAIS
"LUVA ESTERIL 7,5",250,0.99,11/11/2024,MATERIAIS
"LUVA ESTERIL 8,0",500,1.96,11/11/2024,MATERIAIS
"LUVA ESTERIL 8,5",500,1.96,11/11/2024,MATERIAIS
MEIA VENOSAN 6000 -(30-40) AD TAM P ,3,124.90,11/11/2024,MATERIAIS
MEIA VENOSAN 6000 -(20-30) AGH TAM M,8,124.90,11/11/2024,MATERIAIS
MEIA VENOSAN ULTRALINE (20-30) AGH TAM G,2,124.90,11/11/2024,MATERIAIS
MEIA VENOSAN ULTRALINE (30-40) AD TAM XG,1,124.90,11/11/2024,MATERIAIS
MEIA VENOSAN ULTRALINE (30-40) AD TAM G,1,124.90,11/11/2024,MATERIAIS
MEIA DYNAVEN 30-40 TAMANHO M,10,157.00,11/11/2024,MATERIAIS
MEIA VENOSAN LEGLINE (20-30) AD TAM P,3,124.90,11/11/2024,MATERIAIS
OXIMETRO,6,64.23,11/11/2024,MATERIAIS
NEBULIZADOR COM MASCARA,4,190.00,11/11/2024,MATERIAIS
SERINGA DE INSULINA 100UI,0,115.80,11/11/2024,MATERIAIS
SERINGA 20ML,0,1.47,11/11/2024,MATERIAIS
SERINGA DESCARTÁVEL 60ML BICO CATETER,0,0.89,11/11/2024,MATERIAIS
"SONDA PARA GASTROSTOMIA 18FR X 1,0CM",2,1.41,11/11/2024,MATERIAIS
"SONDA PARA GASTROSTOMIA 16FR X 1,0CM",0,919.00,11/11/2024,MATERIAIS
"SONDA PARA GASTROSTOMIA 20FR X 1,7CM",0,1000.00,11/11/2024,MATERIAIS
"SONDA PARA GASTROSTOMIA 20 FRX2,0CM",0,1200.00,11/11/2024,MATERIAIS
"SONDA PARA GASTROSTOMIA 24 FR X 2,0CM",1,1190.00,11/11/2024,MATERIAIS
SONDA DE FOLLEY 2 VIAS NR 16,2,1190.00,11/11/2024,MATERIAIS
SONDA URETRAL 04,267,2.71,11/11/2024,MATERIAIS
SONDA URETRAL 06,840,0.45,11/11/2024,MATERIAIS
SONDA URETRAL 08,278,0.50,11/11/2024,MATERIAIS
SONDA URETRAL 10,2190,0.00,11/11/2024,MATERIAIS
SONDA URETRAL 14,0,0.50,11/11/2024,MATERIAIS
SONDA URETRAL 12,0,0.50,11/11/2024,MATERIAIS
SONDA TRAQUEAL 8,107,0.60,11/11/2024,MATERIAIS
SONDA TRAQUEAL 6,1000,0.60,11/11/2024,MATERIAIS
SONDA TRAQUEAL 10,520,0.65,11/11/2024,MATERIAIS
ADESIVO PRÓTESE FONATÓRIA,0,155.28,11/11/2024,INSUMOS PARA REABILITAÇÃO FONATÓRIA
CASSETE PRÓTESE FONATÓRIA,180,65.31,11/11/2024,INSUMOS PARA REABILITAÇÃO FONATÓRIA
COLA CIRURGICA SILICONE,1,225.71,11/11/2024,INSUMOS PARA REABILITAÇÃO FONATÓRIA
KIT ESCOVA P/MANUTENÇÃO ,2,314.01,11/11/2024,INSUMOS PARA REABILITAÇÃO FONATÓRIA
VALVULA FALA PRÓTESE FONATÓRIA,0,4714.99,11/11/2024,INSUMOS PARA REABILITAÇÃO FONATÓRIA
ALFAMINO,0,126.12,11/11/2024,NUTRIÇÃO
APTAMIL 2,0,0.00,11/11/2024,NUTRIÇÃO
APTAMIL AR,136,49.60,11/11/2024,NUTRIÇÃO
APTAMIL SEM LACTOSE,248,59.00,11/11/2024,NUTRIÇÃO
APTAMIL PEPTI,0,130.60,11/11/2024,NUTRIÇÃO
APTAMIL ACTIVE 800G,38,90.00,11/11/2024,NUTRIÇÃO
APTAMIL SOJA,65,66.80,11/11/2024,NUTRIÇÃO
CALOGEN ,0,0.00,11/11/2024,NUTRIÇÃO
ALFARE,0,142.36,11/11/2024,NUTRIÇÃO
COGMAX,0,1.01,11/11/2024,NUTRIÇÃO
ENSURE 400G,240,70.80,11/11/2024,NUTRIÇÃO
FIBER MAIS,25,107.00,11/11/2024,NUTRIÇÃO
FORTINI,156,42.12,11/11/2024,NUTRIÇÃO
FREBINI ENERGY FIBRE,120,46.00,11/11/2024,NUTRIÇÃO
GLUCERNA 400G,0,89.00,11/11/2024,NUTRIÇÃO
GLUTAMAN,540,2.60,11/11/2024,NUTRIÇÃO
INFATRINI 400G,126,89.54,11/11/2024,NUTRIÇÃO
GLUCERNA SR,0,13.50,11/11/2024,NUTRIÇÃO
ISOUSSORCE 1.0,89,0.00,11/11/2024,NUTRIÇÃO
ISOUSSORCE SOYA FIBER,0,20.10,11/11/2024,NUTRIÇÃO
ISOUSSORCE SOYA,0,27.35,11/11/2024,NUTRIÇÃO
HCYS MED B,6,2477.00,11/11/2024,NUTRIÇÃO
KETOCAL,0,218.00,11/11/2024,NUTRIÇÃO
MAG-B6,30,20.00,11/11/2024,NUTRIÇÃO
MILNUTRI SOJA 800G,0,72.67,11/11/2024,NUTRIÇÃO
MILNUTRI PREMIUM 400 G,164,35.00,11/11/2024,NUTRIÇÃO
MODULEN IBD ,180,272.65,11/11/2024,NUTRIÇÃO
NAN ESPESSAR,0,32.95,11/11/2024,NUTRIÇÃO
NAN SEM LACTOSE,0,33.90,11/11/2024,NUTRIÇÃO
NEOCATE LCP,0,107.00,11/11/2024,NUTRIÇÃO
NEO ADVANCE,0,170.00,11/11/2024,NUTRIÇÃO
NEOFORTE,0,158.38,11/11/2024,NUTRIÇÃO
NEO SPOON,0,178.59,11/11/2024,NUTRIÇÃO
NESTOGENO 1 800G,0,49.30,11/11/2024,NUTRIÇÃO
NINHO SEM LACTOSE,120,27.77,11/11/2024,NUTRIÇÃO
NOVAMIL RICE 1530.2147,35,233.25,11/11/2024,NUTRIÇÃO
NOVASOURCE REN,60,14.60,11/11/2024,NUTRIÇÃO
NUTREN 1.0 LATA,0,52.01,11/11/2024,NUTRIÇÃO
NUTREN 2.0 GARRAFA,240,11.56,11/11/2024,NUTRIÇÃO
NUTREN ACTIVE,0,37.92,11/11/2024,NUTRIÇÃO
NUTREN JUNIOR,0,0.00,11/11/2024,NUTRIÇÃO
NUTRI RENAL 200ML,63,14.91,11/11/2024,NUTRIÇÃO
NUTREN SENIOR,0,57.11,11/11/2024,NUTRIÇÃO
NUTRIDRINK PROTEIN S/LACTOSE E SEM SABOR,0,80.17,11/11/2024,NUTRIÇÃO
NUTRIDRINK 600GRAMAS,0,162.82,11/11/2024,NUTRIÇÃO
NUTRINI FIBER 200ML,206,21.49,11/11/2024,NUTRIÇÃO
NUTRINFAN,0,0.00,11/11/2024,NUTRIÇÃO
"NUTRISON ENERGY 1,5 1000ML",0,38.99,11/11/2024,NUTRIÇÃO
NUTRISON ADVANCED DIASON ,54,0.00,11/11/2024,NUTRIÇÃO
PEDIASURE,0,42.12,11/11/2024,NUTRIÇÃO
PEPTIMEN,0,157.11,11/11/2024,NUTRIÇÃO
PREGOMIN PEPTI,0,130.60,11/11/2024,NUTRIÇÃO
SUSTAGENS KIDS,208,34.89,11/11/2024,NUTRIÇÃO
SOYMILK,60,34.52,11/11/2024,NUTRIÇÃO
PROBIATOP,90,3.99,11/11/2024,NUTRIÇÃO
SUPRA SOY,0,0.00,11/11/2024,NUTRIÇÃO